"ID","Description","NES.293t","NES.468","NES.r1"
"hsa05016","Huntington disease",-2.22387975514961,-1.55054722630821,-1.4334694135069
"hsa05012","Parkinson disease",-2.13972194441067,-1.64818461390007,-1.37689874593893
"hsa05014","Amyotrophic lateral sclerosis",-2.00854726776361,-1.54814792531063,-1.52194058390195
"hsa05010","Alzheimer disease",-1.89980656692645,-1.48314152336228,-1.31621109627451
"hsa03050","Proteasome",-2.33843571471743,-1.71608803857992,-2.35225437476467
"hsa01200","Carbon metabolism",-1.8396289035874,-1.73598216418131,-2.04336845088581
