"ID","Description","NES.293t","NES.468","NES.r1"
"hsa05016","Huntington disease",-2.22507723966815,-1.54956029610951,-1.44861456386459
"hsa05014","Amyotrophic lateral sclerosis",-2.03251130544623,-1.55166167030184,-1.52132491712066
"hsa01200","Carbon metabolism",-1.83409268948782,-1.74165138522542,-2.03450504304817
