"ID","Description","NES.r1_vs_p1","p.adjust.r1_vs_p1","NES.r8_vs_p2","p.adjust.r8_vs_p2"
"GO:0006163","purine nucleotide metabolic process",1.6876665508632,0.000415519412936872,1.6694655592562,0.0315416313733113
"GO:0072521","purine-containing compound metabolic process",1.66777336723502,0.000415519412936872,1.68090704758857,0.0227197433250591
"GO:0006753","nucleoside phosphate metabolic process",1.59454840111411,0.00192008424116489,1.69725562965492,0.0105635175438001
"GO:0009117","nucleotide metabolic process",1.59714733651911,0.00261207093218558,1.70237657394843,0.0105635175438001
"GO:1901293","nucleoside phosphate biosynthetic process",1.51804051706284,0.0301304920206553,1.72416211161997,0.0270365518460414
