"ID","Description","NES.r1_vs_p1","p.adjust.r1_vs_p1","NES.r8_vs_p2","p.adjust.r8_vs_p2"
"GO:0006753","nucleoside phosphate metabolic process",1.6022159057356,0.00184139102020826,1.69072121146465,0.0443020343494622
"GO:0009117","nucleotide metabolic process",1.6075286731668,0.00225168176788051,1.70201892534179,0.0242542858717704
