"ID","Description","NES.r1_vs_p1","p.adjust.r1_vs_p1","NES.r8_vs_p2","p.adjust.r8_vs_p2"
"hsa05020","Prion disease",1.55606805751691,0.0130336736958676,1.842402902809,0.00229480277000071
