"ID","Description","setSize","enrichmentScore","NES","pvalue","p.adjust","qvalue","rank","leading_edge","core_enrichment"
"hsa03010","Ribosome",129,-0.445172360986789,-1.66225406773087,0.000947530272456459,0.0299764122558952,0.0244816434031812,5257,"tags=56%, list=32%, signal=38%","6234/64965/6201/6218/6150/6194/6164/51069/6134/51263/6165/6176/6138/6173/6152/28998/6207/64960/6167/6124/6156/6231/6193/6128/6125/6229/6158/6202/6203/6204/6141/6123/6168/9045/6133/6210/6233/51116/6189/6191/6154/6143/6206/200916/6157/6222/6188/6175/6170/51187/6228/388524/6135/6130/6136/6181/6187/4736/9349/29074/6161/6129/23521/6217/3921/6227/6223/6160/54948/6147/6144/6232"
"hsa03013","Nucleocytoplasmic transport",103,-0.460283854363531,-1.6610331257868,0.00176839931564326,0.0410268641229237,0.0335065133490303,3686,"tags=39%, list=22%, signal=30%","23511/1917/26019/10189/30000/79902/129401/65110/10527/4686/57187/7919/392517/55746/22985/100101267/5411/9883/51194/3842/10921/7514/1915/55308/10762/11260/10482/9818/81929/1434/3839/3843/23534/9631/22916/8480/6612/64328/348995/23165"
