"","ID","Description","setSize","enrichmentScore","NES","pvalue","p.adjust","qvalue","rank","leading_edge","core_enrichment"
"hsa05130","hsa05130","Pathogenic Escherichia coli infection",176,0.683101510862904,1.83399834327694,1.94982878266959e-05,0.00643443498280965,0.00605473148302662,1129,"tags=16%, list=7%, signal=16%","842/2534/4430/7277/3569/644150/60/834/2149/5603/837/7280/8795/7846/9265/5879/3606/7132/5602/9076/2768/4645/54205/9073/4642/5058/4615/8440/8772"
